<harm><nodes><node id="b'173934909468639102556410764585189149493'" name="192.168.1.65"><host_values><impact>None</impact><cost>None</cost><risk>None</risk><probability>None</probability></host_values><vulnerabilities><or /></vulnerabilities></node><node id="b'338290411273146873992172276397916859093'" name="192.168.1.1"><host_values><impact>None</impact><cost>None</cost><risk>None</risk><probability>None</probability></host_values><vulnerabilities><or /></vulnerabilities></node><node id="b'330517065979182096110302458365452079953'" name="192.168.1.70"><host_values><impact>None</impact><cost>None</cost><risk>None</risk><probability>None</probability></host_values><vulnerabilities><or /></vulnerabilities></node><node id="b'124699166596921178307928892123725382862'" name="Attacker"><host_values /><vulnerabilities /></node><node id="b'258429493759842428295693704240044075049'" name="192.168.1.67"><host_values><impact>None</impact><cost>None</cost><risk>None</risk><probability>None</probability></host_values><vulnerabilities><or /></vulnerabilities></node><node id="b'155256644876191849183601647009019518108'" name="239.255.255.250"><host_values><impact>None</impact><cost>None</cost><risk>None</risk><probability>None</probability></host_values><vulnerabilities><or /></vulnerabilities></node><node id="b'26998404825296377916284162098027892429'" name="192.168.1.255"><host_values><impact>None</impact><cost>None</cost><risk>None</risk><probability>None</probability></host_values><vulnerabilities><or /></vulnerabilities></node></nodes><edges><edge><source>0</source><target>6</target></edge><edge><source>2</source><target>5</target></edge><edge><source>2</source><target>6</target></edge><edge><source>3</source><target>0</target></edge><edge><source>3</source><target>1</target></edge><edge><source>3</source><target>2</target></edge><edge><source>3</source><target>4</target></edge><edge><source>3</source><target>5</target></edge><edge><source>3</source><target>6</target></edge><edge><source>4</source><target>1</target></edge><edge><source>4</source><target>5</target></edge></edges></harm>